"name", "DBD", "ES", "COPYNUMBER", "SIZELEFT", "SIZERIGHT", "ASSOCRATE", "INITIALDROP", "UNBINDINGPROBABILITY", "SLIDELEFTPROBABILITY", "SLIDERIGHTPROBABILITY", "JUMPINGPROBABILITY", "HOPSTDDISPLACEMENT", "SPECIFICWAITINGTIME", "STEPLEFTSIZE", "STEPRIGHTSIZE", "UNCORRELATEDDISPLACEMENTSIZE", "STALLSIFBLOCKED", "COLLISIONUNBINDPROBABILITY", "AFFINITYLANDSCAPEROUGHNESS", "PREBOUNDPROPORTION", "PREBOUNDTOHIGHESTAFFINITY", "TFISIMMOBILE", "ISBIASEDRANDOMWALK", "ISTWOSTATERANDOMWALK"
"suh", "PWM:A=[-0.8850709376866019, -2.3978952727983707, -2.3978952727983707, -2.3978952727983707, -2.3978952727983707, 0.05471212816922049, -2.3978952727983707, 1.1965454361212993, 1.1965454361212993, 0.5305036097697468, -0.8850709376866019, -0.8850709376866019, 0.3206421105687873, 0.05471212816922049, 0.3206421105687873, -0.30861878548227584]; C=[0.27114056492296534, 0.5413409624711867, -2.3978952727983707, -2.3978952727983707, -2.3978952727983707, -2.3978952727983707, -2.3978952727983707, -2.3978952727983707, -2.3978952727983707, 0.753846910344119, 1.078021689202229, -0.10025214262398642, -0.10025214262398642, -0.6976388634563698, 0.27114056492296534, -0.6976388634563698]; G=[0.2896953688570673, -2.3978952727983707, 1.4448651646751538, -2.3978952727983707, 1.4448651646751538, 1.097334435287612, 1.4448651646751538, -2.3978952727983707, -2.3978952727983707, -2.3978952727983707, -0.6813249299613863, 0.5602199176935082, -0.08231335505088498, 0.5602199176935082, -0.08231335505088498, -0.08231335505088498]; T=[0.07943240122460658, 0.72968914008772, -2.3978952727983707, 1.2228298926753254, -2.3978952727983707, -2.3978952727983707, -2.3978952727983707, -2.3978952727983707, -2.3978952727983707, -2.3978952727983707, -0.8639429736539223, 0.07943240122460658, -0.2849064479005614, -0.2849064479005614, -0.8639429736539223, 0.556094102040076]",1.0, 1, 1, 1, 20.0, ":0..130000", 1.194E-5, 0.499994, 0.499994, 0.1675, 1.0, 1.5, 1, 1, 100, true, 0.0, 0.0, 0.0, true, false, false, false
"nucleosome", "LANDSCAPE:147:true:1:2:2:biodata/affinity_chr3_matrix_trial.csv:0",1.0, 823, 0, 0, 4.06, ":0..130000", 1.0, 0.0, 0.0, 1.0, 1.0, 3600.0, 1, 1, 100, true, 0.0, 0.0, 1.0, true, true, false, false
